<?xml version="1.0" encoding="UTF-8"?>
<project-private xmlns="http://www.netbeans.org/ns/project-private/1">
    <editor-bookmarks xmlns="http://www.netbeans.org/ns/editor-bookmarks/2" lastBookmarkId="1">
        <file>
            <url>src/CapaGUI/intFarmacia.java</url>
            <bookmark id="1">
                <name/>
                <line>12</line>
                <key/>
            </bookmark>
        </file>
    </editor-bookmarks>
    <open-files xmlns="http://www.netbeans.org/ns/projectui-open-files/2">
        <group>
            <file>file:/C:/Users/el_ca/Desktop/AppMyProjecto/src/CapaGUI/PnlFarmacia.java</file>
            <file>file:/C:/Users/el_ca/Desktop/AppMyProjecto/src/CapaGUI/FrmApp.java</file>
            <file>file:/C:/Users/el_ca/Desktop/AppMyProjecto/src/CapaNegocio/ConsultaProducto.java</file>
            <file>file:/C:/Users/el_ca/Desktop/AppMyProjecto/src/Capa_Conexion/ActualizarTabla.java</file>
        </group>
    </open-files>
</project-private>
